Method,nq,nq,nq,nq,nq,squad,squad,squad,squad,squad
,llama1b,llama3b,llama8b,mistral7b,qwen3b,llama1b,llama3b,llama8b,mistral7b,qwen3b
Algorithm: REINFORCE,-0.014555765230068685,0.0031949883449884364,0.006071260221260144,-0.0032739218108783774,-0.011278354978355054,0.005484751601454396,0.01857507162769384,0.002006367909696105,-0.008058458275646607,0.006812992056103584
Algorithm: supervised,-0.1095402433594384,-0.13234240204240194,-0.08885829725829725,-0.0838439594857216,-0.12342544492544505,-0.12484389719837347,-0.11368623513096188,-0.09707048994824935,-0.11519135389300639,-0.1200141632361445
Full (unc+ret+query),0.0,0.0,0.0,0.0,0.0,0.0,0.0,0.0,0.0,0.0
"actions {0,1,2}",-0.013139513370473088,-0.01207498797498785,-0.003701683501683539,-0.006917845841758918,-0.012525541125541273,-0.021122780386990614,-0.03391884336853379,-0.03298861139720277,-0.03651289949254599,-0.020900274749903025
"actions {0,2}",0.0003822915130965443,0.001999927849927974,0.0022353535353535348,-0.005062688426075157,-0.00033814333814352615,-0.013559107220819377,-0.01441391497107608,-0.025945999623011973,-0.02329185486013502,-0.016238469717416992
"actions {0,3}",-0.006138115565205382,0.010902732452732655,0.005615993265993269,-0.0011347094764715404,0.003547643097642994,0.006494257431893802,0.03197386196933244,0.0106373100469076,0.019016493620447328,0.033024950468062086
original shaped reward,-0.020867214754056784,-0.034935224035223866,-0.017253535353535354,-0.024571004662766738,-0.025002308802308915,-0.026675699005545617,-0.03820335173468836,-0.049426718095572586,-0.037357119977785014,-0.031382335579796805
query features only,0.0005945827879264565,0.004748754948755041,0.006274699374699377,-0.006340512530100595,0.004306878306878259,0.0025018702439184026,0.015198687076572404,-0.01282727224902136,-0.002952715165716102,0.016149114238588114
retrieval scores only,0.010068191125466752,0.006373783623783824,0.013477705627705672,-0.0006251119187619114,0.004201202501202483,0.004430224430616692,0.02429168357325312,0.0052817130810938195,0.011890941000457123,0.0049109443188392055
uncertainty only,-0.012503028590489906,0.005009473859473923,-0.012056709956710043,-0.011250236076323139,-0.011339466089466121,-0.006338400061539573,0.021323231421116806,-0.0003749534194735782,-0.00037974302946641725,0.022733166071401467
w/o EM term,-0.016627793339557995,-0.008214541014540777,-0.00462804232804237,-0.007610983725571896,-0.00399324194324191,-0.013635519570698862,-0.00830858976463228,-0.014884278059974665,-0.006298524407515604,0.010769067367674301
w/o cost penalty (λ=0),0.005171563564288051,0.014076266326266462,0.011379461279461212,-0.0030748795890100933,0.00648763828763832,0.008728422225118937,0.02514612190295451,0.010517736248386422,0.013646080521469983,0.024648333202745065
w/o query features,-0.0013891542581944138,0.002486076886077049,0.005096993746993683,-0.002903236279780952,0.007971500721500768,-0.0023133003777831007,0.020012834526715317,-0.004052301966465999,0.0031962355002264076,0.019183129397835397
w/o retrieval scores,-0.0035633427001847684,0.0053303566803568625,-0.004819408369408307,-0.014926600355319009,-0.0031564935064934962,-0.006973753764345281,0.01251118956433811,-0.0021562802980759632,-0.002183625152659019,0.014124639326961508
w/o uncertainty,0.0003051577249720827,0.005529500129500264,0.0016559163059164383,-0.00048637998792466774,0.00270685425685413,0.004794658546361408,0.010464508154384433,-0.008340954006433976,-0.0026968819237769837,0.011581528748169811
