Method,dF1_mean,dF1_min,dF1_max,dTok_pct,dLat_pct,n_sig_worse,n_sig_better,n_configs
Algorithm: REINFORCE,0.0004978931466247782,-0.014555765230068685,0.01857507162769384,1.7537899723975037,1.5373920351707426,0,1,10
Algorithm: supervised,-0.11088164864780399,-0.13234240204240194,-0.0838439594857216,-51.82762102122778,-29.366414202445366,10,0,10
Full (unc+ret+query),0.0,0.0,0.0,0.0,0.0,0,0,10
"actions {0,1,2}",-0.019380298120962085,-0.03651289949254599,-0.003701683501683539,-14.359118131400823,-5.314831543906789,4,0,10
"actions {0,2}",-0.009423260525830007,-0.025945999623011973,0.0022353535353535348,-4.030560854096503,-2.1855380529563897,1,0,10
"actions {0,3}",0.011394041731133526,-0.006138115565205382,0.033024950468062086,24.153221274479687,7.319689504807494,0,1,10
original shaped reward,-0.030567451200128003,-0.049426718095572586,-0.017253535353535354,-22.929326789797223,-8.849719691996457,5,0,10
query features only,0.0027654087032499995,-0.01282727224902136,0.016149114238588114,-10.781713248918507,-35.982299584891564,0,1,10
retrieval scores only,0.008430127736365678,-0.0006251119187619114,0.02429168357325312,-10.120252628959562,-35.559495669541995,0,1,10
uncertainty only,-0.0005176665871476583,-0.012503028590489906,0.022733166071401467,4.841162664135981,2.312036171895618,0,1,10
w/o EM term,-0.007343244678610206,-0.016627793339557995,0.010769067367674301,-7.573018815585334,-3.5642461296887697,0,0,10
w/o cost penalty (λ=0),0.011672674396931888,-0.0030748795890100933,0.02514612190295451,14.831966891993499,5.953242585831078,0,1,10
w/o query features,0.0047288777897124155,-0.004052301966465999,0.020012834526715317,2.776970944823197,1.5617002130994528,0,1,10
w/o retrieval scores,-0.0005813318574829363,-0.014926600355319009,0.014124639326961508,4.905795833586403,2.0471008499728818,0,0,10
w/o uncertainty,0.002551390794802294,-0.008340954006433976,0.011581528748169811,-14.182889376301995,-37.08583061933996,0,1,10
