dataset,model,comparison,dF1,p_wilcoxon,dTok_pct,p_holm
nq,llama1b,PPO - Supervised,0.10954024335943842,1.8732297668200174e-17,94.78485948035818,4.30842846368604e-16
nq,llama1b,REINFORCE - Supervised,0.09498447812936978,9.477343307246728e-19,69.80588467790587,2.5588826929566167e-17
nq,llama1b,PPO w/o draft - Supervised,0.10984540108441038,5.373432150260445e-18,51.404750654530005,1.2896237160625067e-16
nq,llama3b,PPO - Supervised,0.13234240204240202,8.018732766387422e-22,111.25028434322873,2.4056198299162268e-20
nq,llama3b,REINFORCE - Supervised,0.13553739038739038,1.123830185325147e-21,105.28726272734784,3.2591075374429263e-20
nq,llama3b,PPO w/o draft - Supervised,0.13787190217190215,3.921225044474828e-20,85.01304718866048,1.0979430124529518e-18
nq,qwen3b,PPO - Supervised,0.12342544492544491,3.0596247859627524e-15,120.80216761451426,5.201362136136679e-14
nq,qwen3b,REINFORCE - Supervised,0.11214708994708995,1.6524061105649109e-15,92.00615318423868,2.9743309990168394e-14
nq,qwen3b,PPO w/o draft - Supervised,0.12613229918229918,1.551259780717757e-15,103.81654496314745,2.9473935833637387e-14
nq,mistral7b,PPO - Supervised,0.08384395948572151,6.824884367824398e-08,112.52681776123801,2.0474653103473194e-07
nq,mistral7b,REINFORCE - Supervised,0.08057003767484315,1.0945715800763635e-07,118.43452060180239,2.0474653103473194e-07
nq,mistral7b,PPO w/o draft - Supervised,0.08335757949779689,7.869676243297453e-08,92.01872921941249,2.0474653103473194e-07
nq,llama8b,PPO - Supervised,0.08885829725829726,1.7817696059518749e-12,96.8077821420677,1.4254156847614999e-11
nq,llama8b,REINFORCE - Supervised,0.09492955747955749,8.915675800279793e-13,99.63241034012094,8.915675800279794e-12
nq,llama8b,PPO w/o draft - Supervised,0.09051421356421355,3.9577945809586446e-11,62.97593045166536,2.3746767485751865e-10
squad,llama1b,PPO - Supervised,0.12484389719837352,1.057496557053373e-13,100.59157852870743,1.2689958684640477e-12
squad,llama1b,REINFORCE - Supervised,0.13032864879982795,9.534904655205747e-13,115.04982461534863,8.915675800279794e-12
squad,llama1b,PPO w/o draft - Supervised,0.1296385557447349,4.904568633968974e-13,65.46000243984366,5.3950254973658705e-12
squad,llama3b,PPO - Supervised,0.11368623513096186,2.657563742123367e-17,93.53029817668323,5.846640232671408e-16
squad,llama3b,REINFORCE - Supervised,0.13226130675865566,9.903267142096766e-19,121.25906264913735,2.5748494569451593e-17
squad,llama3b,PPO w/o draft - Supervised,0.1241507432853462,1.2570041624118226e-18,68.58766499088014,3.1425104060295565e-17
squad,qwen3b,PPO - Supervised,0.12001416323614467,1.5918302609761323e-14,111.97416192546315,2.5469284175618117e-13
squad,qwen3b,REINFORCE - Supervised,0.12682715529224817,5.267775801679854e-17,123.78144140505913,1.053555160335971e-15
squad,qwen3b,PPO w/o draft - Supervised,0.13159569198431428,4.583338172812913e-17,87.41334188531633,9.625010162907117e-16
squad,mistral7b,PPO - Supervised,0.11519135389300635,3.0110996167830014e-14,138.81274007550098,4.516649425174502e-13
squad,mistral7b,REINFORCE - Supervised,0.10713289561735977,7.045609790021558e-14,153.3733579766054,9.159292727028024e-13
squad,mistral7b,PPO w/o draft - Supervised,0.11249447196922939,4.5286758167616956e-14,113.85935968840317,6.340146143466374e-13
squad,llama8b,PPO - Supervised,0.09707048994824939,2.5008475608784954e-12,102.75266385506931,1.7505932926149468e-11
squad,llama8b,REINFORCE - Supervised,0.09907685785794548,4.3535640886898215e-11,120.61148157891725,2.3746767485751865e-10
squad,llama8b,PPO w/o draft - Supervised,0.08872953594181551,1.5421953404983537e-10,61.86222301381235,6.168781361993415e-10
