dataset,model,repo,revision,quantization,gpu,precompute_min,peak_gpu_mb,latency_profiling_min,policies_main_min,ablations_min,frontier_min
NQ,Llama-3.2-1B,meta-llama/Llama-3.2-1B-Instruct,9213176726f5,none (fp16 weights),Tesla T4,18.792181634902953,3267.20068359375,4.159113876024882,3.1801803986231487,17.605429621537528,12.541067139307659
NQ,Llama-3.2-3B,meta-llama/Llama-3.2-3B-Instruct,0cb88a4f764b,none (fp16 weights),Tesla T4,44.09512699047725,8067.552734375,9.219265015920003,2.9561129093170164,15.765755033493042,11.16358424425125
NQ,Qwen2.5-3B,Qwen/Qwen2.5-3B-Instruct,aa8e72537993,none (fp16 weights),Tesla T4,38.992353336016336,6956.0791015625,9.357128898302713,2.9866774598757426,2.734060982863108,11.091282784938812
NQ,Mistral-7B-v0.3,mistralai/Mistral-7B-Instruct-v0.3,c170c708c41d,"bitsandbytes NF4, double quant, fp16 compute",Tesla T4,141.7386965115865,7399.376953125,25.00907668272654,3.1041539192199705,17.102771059672037,12.005242200692495
NQ,Llama-3.1-8B,meta-llama/Llama-3.1-8B-Instruct,0e9e39f249a1,"bitsandbytes NF4, double quant, fp16 compute",Tesla T4,110.4381906469663,7600.44091796875,22.871646149953207,3.551579439640045,19.803929165999094,14.07660368680954
SQuAD,Llama-3.2-1B,meta-llama/Llama-3.2-1B-Instruct,9213176726f5,none (fp16 weights),Tesla T4,15.327763958772023,3754.05078125,3.7793406009674073,2.913560080528259,15.919319931666056,11.38591160774231
SQuAD,Llama-3.2-3B,meta-llama/Llama-3.2-3B-Instruct,0cb88a4f764b,none (fp16 weights),Tesla T4,28.48734248081843,8028.720703125,9.203683976332346,3.0442972421646117,16.693491593996683,11.881693470478059
SQuAD,Qwen2.5-3B,Qwen/Qwen2.5-3B-Instruct,aa8e72537993,none (fp16 weights),Tesla T4,33.56127924919129,7282.11669921875,8.283261207739512,3.0212778011957804,16.27974093357722,11.841731019814809
SQuAD,Mistral-7B-v0.3,mistralai/Mistral-7B-Instruct-v0.3,c170c708c41d,"bitsandbytes NF4, double quant, fp16 compute",Tesla T4,117.10427754720052,6766.7958984375,23.235959951082865,3.4243797063827515,12.429705023765564,11.439078243573507
SQuAD,Llama-3.1-8B,meta-llama/Llama-3.1-8B-Instruct,0e9e39f249a1,"bitsandbytes NF4, double quant, fp16 compute",Tesla T4,91.16786266962687,7911.3330078125,20.348580423990885,3.0023746371269224,16.40602610508601,11.611266378561655
