dataset,model,method,lam,f1,em,k,total_tokens,latency_ms
nq,llama1b,RL-AR-Lite (PPO),0.0,0.5107584090698126,0.385,2.4216666666666664,442.7683333333334,206.52870406109642
nq,llama1b,Supervised-Lite,0.0,0.3841965099170981,0.27333333333333326,0.6,174.66555555555556,159.36881486112495
nq,llama1b,RL-AR-Lite (PPO),0.02,0.5106448127895497,0.38833333333333336,2.3383333333333334,430.44944444444445,203.10730746223803
nq,llama1b,Supervised-Lite,0.02,0.3841965099170981,0.27333333333333326,0.6,174.66555555555556,159.36887836109767
nq,llama1b,RL-AR-Lite (PPO),0.05,0.5125474945781964,0.3866666666666667,2.066666666666667,391.0027777777778,192.13949919111607
nq,llama1b,Supervised-Lite,0.05,0.38642293381999265,0.2722222222222222,0.6005555555555555,174.76611111111114,159.562518721114
nq,llama1b,RL-AR-Lite (PPO),0.1,0.5134292698472266,0.3894444444444445,1.7744444444444447,348.41555555555556,181.1480873544552
nq,llama1b,Supervised-Lite,0.1,0.38912816776542264,0.2766666666666666,0.6372222222222222,180.36444444444442,158.76726297666488
nq,llama1b,RL-AR-Lite (PPO),0.15,0.49494898801271353,0.3738888888888889,1.4127777777777777,295.92333333333335,170.6100002333475
nq,llama1b,Supervised-Lite,0.15,0.38319386441445263,0.26833333333333337,0.5950000000000001,173.98444444444445,159.59047987446965
nq,llama1b,RL-AR-Lite (PPO),0.2,0.4814325609031491,0.36166666666666664,1.316111111111111,282.07277777777773,167.78078483891503
nq,llama1b,Supervised-Lite,0.2,0.3895527709400259,0.27666666666666667,0.6177777777777778,177.47888888888886,159.46916414777914
nq,llama1b,RL-AR-Lite (PPO),0.3,0.475852033405955,0.35555555555555557,1.0866666666666667,249.02722222222224,162.0236399833228
nq,llama1b,Supervised-Lite,0.3,0.3809537980175235,0.26666666666666666,0.5783333333333333,171.45111111111112,159.9228956122207
nq,llama1b,RL-AR-Lite (PPO),0.5,0.4715561780267663,0.3522222222222222,0.9938888888888888,235.62777777777777,160.17234360444135
nq,llama1b,Supervised-Lite,0.5,0.3773321048958304,0.26666666666666666,0.5511111111111111,167.31555555555556,158.72183855444393
nq,llama1b,Static k=0,,0.1632212602212602,0.08666666666666667,0.0,81.435,124.30755602665005
nq,llama1b,Static k=1,,0.47190009337068156,0.3516666666666667,1.0,236.60833333333332,160.30579805000875
nq,llama1b,Static k=2,,0.5173494468494468,0.39666666666666667,2.0,381.18666666666667,187.31240993001316
nq,llama1b,Static k=3,,0.5136887800308853,0.3883333333333333,3.0,526.055,229.67304810001374
nq,llama3b,RL-AR-Lite (PPO),0.0,0.5993084847251514,0.4255555555555555,2.720555555555556,486.2372222222222,475.8236610189021
nq,llama3b,Supervised-Lite,0.0,0.4418860028860028,0.27944444444444444,0.6033333333333334,176.6916666666667,311.73566277668493
nq,llama3b,RL-AR-Lite (PPO),0.02,0.6035804103304104,0.42944444444444446,2.771111111111111,493.97555555555556,477.818601163384
nq,llama3b,Supervised-Lite,0.02,0.4418860028860028,0.27944444444444444,0.6033333333333334,176.6916666666667,311.736724776652
nq,llama3b,RL-AR-Lite (PPO),0.05,0.5960702569035902,0.425,2.5288888888888885,458.47888888888883,454.4902847922306
nq,llama3b,Supervised-Lite,0.05,0.44580996472663137,0.28055555555555556,0.6283333333333333,180.4411111111111,313.4064319800119
nq,llama3b,RL-AR-Lite (PPO),0.1,0.5926012968512969,0.4255555555555555,2.245,417.45166666666665,427.0806994578091
nq,llama3b,Supervised-Lite,0.1,0.44321184062850727,0.27722222222222226,0.6144444444444445,178.23111111111112,313.52615420442766
nq,llama3b,RL-AR-Lite (PPO),0.15,0.5837326778160111,0.4138888888888889,1.877777777777778,363.99055555555555,392.5692267744787
nq,llama3b,Supervised-Lite,0.15,0.4436113115279782,0.2783333333333333,0.611111111111111,177.7627777777778,313.74722283111726
nq,llama3b,RL-AR-Lite (PPO),0.2,0.5673431475931475,0.3938888888888889,1.6472222222222221,330.60833333333335,373.26589721774934
nq,llama3b,Supervised-Lite,0.2,0.44309259259259254,0.2772222222222222,0.6105555555555555,177.5972222222222,314.01265984224716
nq,llama3b,RL-AR-Lite (PPO),0.3,0.5368749398749398,0.3644444444444444,1.2277777777777779,270.24722222222226,341.8585306755651
nq,llama3b,Supervised-Lite,0.3,0.4377244268077602,0.27166666666666667,0.5683333333333334,171.27055555555557,313.5078479167103
nq,llama3b,RL-AR-Lite (PPO),0.5,0.5107805836139169,0.34,0.9038888888888889,222.58055555555555,321.5364453300461
nq,llama3b,Supervised-Lite,0.5,0.43556637806637805,0.26555555555555554,0.4994444444444444,160.96555555555554,310.71825230672
nq,llama3b,Static k=0,,0.24757972582972584,0.095,0.0,83.50666666666666,271.10616336666834
nq,llama3b,Static k=1,,0.5166095478595479,0.34,1.0,237.51666666666668,327.86346395669165
nq,llama3b,Static k=2,,0.5881101028601029,0.4266666666666667,2.0,381.9716666666667,397.9436157166871
nq,llama3b,Static k=3,,0.6016983571983572,0.4266666666666667,3.0,526.86,503.74580525333994
nq,qwen3b,RL-AR-Lite (PPO),0.0,0.574919592752926,0.45,2.561666666666667,457.0994444444445,457.12384201336334
nq,qwen3b,Supervised-Lite,0.0,0.4601177649510982,0.3466666666666667,0.7361111111111112,179.19944444444445,332.2673556455437
nq,qwen3b,RL-AR-Lite (PPO),0.02,0.5712422238255571,0.4477777777777778,2.482222222222222,445.1133333333333,451.0416217122369
nq,qwen3b,Supervised-Lite,0.02,0.4601177649510982,0.3466666666666667,0.7361111111111112,179.19944444444445,332.26693597888146
nq,qwen3b,RL-AR-Lite (PPO),0.05,0.5662262706429373,0.44,2.3561111111111113,426.2944444444444,442.6012634099682
nq,qwen3b,Supervised-Lite,0.05,0.4601177649510982,0.3466666666666667,0.7361111111111112,179.19944444444445,332.2651118122172
nq,qwen3b,RL-AR-Lite (PPO),0.1,0.5655397627064294,0.4305555555555556,2.125,391.4144444444444,425.8298667854731
nq,qwen3b,Supervised-Lite,0.1,0.4581204104537438,0.3438888888888889,0.7288888888888888,178.02777777777774,332.23362713440457
nq,qwen3b,RL-AR-Lite (PPO),0.15,0.5611806958473625,0.4305555555555555,1.8577777777777778,350.68944444444446,406.2580844110875
nq,qwen3b,Supervised-Lite,0.15,0.45543654801988137,0.34111111111111114,0.7227777777777779,177.04555555555555,331.7443580977569
nq,qwen3b,RL-AR-Lite (PPO),0.2,0.5375657768157769,0.41055555555555556,1.3966666666666665,280.5911111111111,370.93446975227033
nq,qwen3b,Supervised-Lite,0.2,0.4612425444925445,0.3461111111111111,0.7483333333333334,181.09833333333333,331.86761390658484
nq,qwen3b,RL-AR-Lite (PPO),0.3,0.5222390572390573,0.3977777777777778,1.0905555555555555,234.49222222222224,352.6287694711047
nq,qwen3b,Supervised-Lite,0.3,0.459227112393779,0.3427777777777778,0.7372222222222223,179.27611111111108,331.47872263107934
nq,qwen3b,RL-AR-Lite (PPO),0.5,0.5108033910533911,0.38888888888888884,0.9472222222222223,212.73388888888886,343.6383579577978
nq,qwen3b,Supervised-Lite,0.5,0.4428452781786116,0.3294444444444445,0.6505555555555556,165.41333333333333,328.8791490288617
nq,qwen3b,Static k=0,,0.19793686868686866,0.11166666666666666,0.0,59.485,258.38137597331905
nq,qwen3b,Static k=1,,0.5217888407888408,0.3983333333333333,1.0,221.15333333333334,345.10128377333325
nq,qwen3b,Static k=2,,0.5635930735930735,0.43833333333333335,2.0,371.89166666666665,417.11777296665025
nq,qwen3b,Static k=3,,0.5790870610870611,0.45666666666666667,3.0,522.2116666666667,486.71786753335107
nq,mistral7b,RL-AR-Lite (PPO),0.0,0.5436296321097046,0.3238888888888889,2.515,489.12055555555554,1255.160429902262
nq,mistral7b,Supervised-Lite,0.0,0.4290590582257248,0.25722222222222224,0.5488888888888889,156.10166666666666,732.0905870212279
nq,mistral7b,RL-AR-Lite (PPO),0.02,0.5428421624671625,0.32722222222222225,2.282777777777778,450.32055555555553,1193.3365500377704
nq,mistral7b,Supervised-Lite,0.02,0.4313097596847597,0.25833333333333336,0.5533333333333333,156.9261111111111,735.5756211968154
nq,mistral7b,RL-AR-Lite (PPO),0.05,0.5413091803526586,0.32833333333333337,2.1061111111111113,421.3644444444444,1155.146061252233
nq,mistral7b,Supervised-Lite,0.05,0.4316225903725904,0.2594444444444444,0.5511111111111111,156.4488888888889,733.2525843779054
nq,mistral7b,RL-AR-Lite (PPO),0.1,0.5403498011650186,0.33666666666666667,1.8366666666666667,376.29055555555556,1090.552348350102
nq,mistral7b,Supervised-Lite,0.1,0.4308456543456543,0.2588888888888889,0.5499999999999999,156.23944444444444,730.9991916090333
nq,mistral7b,RL-AR-Lite (PPO),0.15,0.5358716758952266,0.33722222222222226,1.6161111111111113,339.1922222222222,1020.0466903511293
nq,mistral7b,Supervised-Lite,0.15,0.43128303949137275,0.2594444444444444,0.5094444444444445,149.28111111111113,721.1653480845249
nq,mistral7b,RL-AR-Lite (PPO),0.2,0.524909486514559,0.32555555555555554,1.3516666666666666,295.46666666666664,965.0211029923336
nq,mistral7b,Supervised-Lite,0.2,0.435636063011063,0.25666666666666665,0.5983333333333333,165.00166666666667,746.3057126757839
nq,mistral7b,RL-AR-Lite (PPO),0.3,0.5125336376586377,0.3161111111111112,1.0827777777777778,250.37888888888892,890.3905445911258
nq,mistral7b,Supervised-Lite,0.3,0.42983154962321635,0.25722222222222224,0.4961111111111111,147.09777777777776,718.6866243680037
nq,mistral7b,RL-AR-Lite (PPO),0.5,0.47867668596835267,0.295,0.7661111111111111,195.68833333333336,803.8575485336493
nq,mistral7b,Supervised-Lite,0.5,0.4233824755491422,0.24777777777777776,0.4788888888888889,144.13055555555556,713.007450395559
nq,mistral7b,Static k=0,,0.2526501924001924,0.10666666666666667,0.0,56.663333333333334,537.027764236706
nq,mistral7b,Static k=1,,0.5140380776630777,0.325,1.0,237.355,883.6009412067931
nq,mistral7b,Static k=2,,0.5414287356321109,0.335,2.0,404.00666666666666,1141.9053234767005
nq,mistral7b,Static k=3,,0.5442239103489104,0.32666666666666666,3.0,569.9066666666666,1370.2351143000244
nq,llama8b,RL-AR-Lite (PPO),0.0,0.5926790524290525,0.4066666666666667,2.589444444444444,468.13944444444445,1127.3832663421147
nq,llama8b,Supervised-Lite,0.0,0.4628522927689594,0.2966666666666667,0.5144444444444445,162.98388888888888,740.5553661166524
nq,llama8b,RL-AR-Lite (PPO),0.02,0.5913122093955426,0.4072222222222222,2.5061111111111107,456.0994444444445,1105.4421432100619
nq,llama8b,Supervised-Lite,0.02,0.4628522927689594,0.2966666666666667,0.5144444444444445,162.98388888888888,740.5400117833527
nq,llama8b,RL-AR-Lite (PPO),0.05,0.5937138848805515,0.41055555555555556,2.42,443.21611111111116,1087.8549465222407
nq,llama8b,Supervised-Lite,0.05,0.4628522927689594,0.2966666666666667,0.5144444444444445,162.98388888888888,740.5436046165859
nq,llama8b,RL-AR-Lite (PPO),0.1,0.5905177970177972,0.41888888888888887,1.8405555555555555,358.8772222222222,974.9706263954582
nq,llama8b,Supervised-Lite,0.1,0.4612328042328042,0.29388888888888887,0.5572222222222223,169.45555555555555,750.0301726566726
nq,llama8b,RL-AR-Lite (PPO),0.15,0.5790614478114477,0.41111111111111115,1.4083333333333332,296.40166666666664,887.1357174988062
nq,llama8b,Supervised-Lite,0.15,0.4637116402116402,0.295,0.5488888888888889,168.24444444444444,747.4809796066862
nq,llama8b,RL-AR-Lite (PPO),0.2,0.5724373897707231,0.4055555555555556,1.1966666666666665,265.7283333333333,846.4486965166534
nq,llama8b,Supervised-Lite,0.2,0.4637742504409171,0.28944444444444445,0.515,163.5627777777778,746.1224867866663
nq,llama8b,RL-AR-Lite (PPO),0.3,0.5600912698412698,0.39444444444444443,1.011111111111111,239.00833333333335,811.0991742622364
nq,llama8b,Supervised-Lite,0.3,0.4645833333333333,0.2883333333333334,0.5205555555555555,164.21333333333334,745.1724338232634
nq,llama8b,RL-AR-Lite (PPO),0.5,0.5441058201058201,0.3738888888888889,0.8277777777777778,211.3516666666667,781.177262331128
nq,llama8b,Supervised-Lite,0.5,0.4577729276895943,0.2811111111111111,0.47444444444444445,157.27166666666668,738.5479999855074
nq,llama8b,Static k=0,,0.2908138528138528,0.11833333333333333,0.0,83.59666666666666,632.1150414866528
nq,llama8b,Static k=1,,0.5558214285714286,0.39,1.0,237.615,807.4726752866809
nq,llama8b,Static k=2,,0.6028716931216931,0.4266666666666667,2.0,382.4583333333333,1006.7673901199972
nq,llama8b,Static k=3,,0.5962293169793169,0.405,3.0,527.3666666666667,1197.075247716633
squad,llama1b,RL-AR-Lite (PPO),0.0,0.4393403275072297,0.3238888888888889,2.6761111111111107,369.2716666666667,181.49129432867792
squad,llama1b,Supervised-Lite,0.0,0.30182913389747057,0.21,0.5494444444444445,147.67555555555555,145.29910063557307
squad,llama1b,RL-AR-Lite (PPO),0.02,0.4374451204598488,0.3227777777777778,2.6155555555555554,363.08,180.30493314418285
squad,llama1b,Supervised-Lite,0.02,0.3040823958797725,0.21222222222222223,0.5544444444444444,148.11,144.6736701342939
squad,llama1b,RL-AR-Lite (PPO),0.05,0.4408293257607207,0.32666666666666666,2.5794444444444444,358.8827777777778,179.03909435648632
squad,llama1b,Supervised-Lite,0.05,0.3002024334374368,0.20944444444444443,0.545,147.01500000000001,145.047883616649
squad,llama1b,RL-AR-Lite (PPO),0.1,0.4310504375102638,0.32,2.3683333333333336,336.49333333333334,175.9505662109253
squad,llama1b,Supervised-Lite,0.1,0.30210773086905,0.2111111111111111,0.5483333333333333,147.34166666666667,144.75144622993562
squad,llama1b,RL-AR-Lite (PPO),0.15,0.42188879225264336,0.31555555555555553,1.8966666666666667,289.9272222222222,165.93499573981111
squad,llama1b,Supervised-Lite,0.15,0.2979372942556309,0.20666666666666667,0.5366666666666666,145.71777777777777,144.67071314328072
squad,llama1b,RL-AR-Lite (PPO),0.2,0.41057283014457596,0.3066666666666667,1.5527777777777778,255.29166666666666,161.3039739831452
squad,llama1b,Supervised-Lite,0.2,0.29495200158271156,0.205,0.5133333333333333,143.47666666666666,143.8901436287223
squad,llama1b,RL-AR-Lite (PPO),0.3,0.37199816884063813,0.27555555555555555,1.0822222222222222,207.35444444444445,148.3654213165331
squad,llama1b,Supervised-Lite,0.3,0.29855433546564303,0.20777777777777776,0.45555555555555555,137.3477777777778,145.67789094760985
squad,llama1b,RL-AR-Lite (PPO),0.5,0.34992524657408836,0.25777777777777783,0.86,182.54944444444445,145.67367789216203
squad,llama1b,Supervised-Lite,0.5,0.2849435379154608,0.19666666666666666,0.41055555555555556,132.0088888888889,145.59058317210255
squad,llama1b,Static k=0,,0.11037953848390754,0.04,0.0,84.01833333333333,122.24808623672288
squad,llama1b,Static k=1,,0.36761765737679336,0.27166666666666667,1.0,198.68166666666667,146.79818391324565
squad,llama1b,Static k=2,,0.4133946065243512,0.305,2.0,300.11333333333334,165.25651853646195
squad,llama1b,Static k=3,,0.4401904731195663,0.3233333333333333,3.0,402.3283333333333,187.50953544319904
squad,llama3b,RL-AR-Lite (PPO),0.0,0.4985677715778021,0.3288888888888889,2.8827777777777777,391.4266666666667,460.5400655265248
squad,llama3b,Supervised-Lite,0.0,0.3485720774516709,0.2027777777777778,0.595,153.35444444444445,318.05066260333865
squad,llama3b,RL-AR-Lite (PPO),0.02,0.4946129143817168,0.32555555555555554,2.837222222222222,386.8655555555556,457.0089960101097
squad,llama3b,Supervised-Lite,0.02,0.3594296556272316,0.2072222222222222,0.6294444444444444,156.66333333333333,319.84467396668657
squad,llama3b,RL-AR-Lite (PPO),0.05,0.4834633399625772,0.31222222222222223,2.7005555555555554,371.6944444444444,449.53565434776164
squad,llama3b,Supervised-Lite,0.05,0.35487088106845704,0.205,0.6005555555555556,153.50055555555556,318.0996625488787
squad,llama3b,RL-AR-Lite (PPO),0.1,0.4720609375397324,0.3061111111111111,2.422222222222222,343.57166666666666,426.7636584656748
squad,llama3b,Supervised-Lite,0.1,0.35403528563865866,0.20444444444444443,0.5966666666666667,153.3111111111111,317.76739374889735
squad,llama3b,RL-AR-Lite (PPO),0.15,0.4561635852324639,0.2905555555555555,2.007222222222222,302.55222222222227,401.2528073543455
squad,llama3b,Supervised-Lite,0.15,0.3559423045456776,0.20833333333333334,0.6011111111111112,153.6288888888889,317.574375277726
squad,llama3b,RL-AR-Lite (PPO),0.2,0.4492778049795785,0.285,1.708888888888889,272.1922222222222,381.0874815478099
squad,llama3b,Supervised-Lite,0.2,0.3490396289714333,0.20222222222222222,0.5633333333333334,149.18777777777777,314.7051298600571
squad,llama3b,RL-AR-Lite (PPO),0.3,0.4170046250892933,0.2561111111111111,1.2644444444444445,225.77222222222224,355.091689019993
squad,llama3b,Supervised-Lite,0.3,0.33693160428007535,0.19333333333333333,0.5211111111111112,144.47166666666666,312.12954858223935
squad,llama3b,RL-AR-Lite (PPO),0.5,0.3816182087736974,0.22833333333333336,0.7994444444444445,176.19055555555553,327.3869701034209
squad,llama3b,Supervised-Lite,0.5,0.3232189167712399,0.18000000000000002,0.4077777777777778,131.78666666666666,307.4211661267438
squad,llama3b,Static k=0,,0.1577243538046136,0.041666666666666664,0.0,85.49,275.03978627001896
squad,llama3b,Static k=1,,0.3937553998992786,0.24666666666666667,1.0,199.54,333.0447479966657
squad,llama3b,Static k=2,,0.4521334131162506,0.285,2.0,300.855,400.4805101133388
squad,llama3b,Static k=3,,0.49781491300038205,0.33,3.0,403.115,469.85476126666987
squad,qwen3b,RL-AR-Lite (PPO),0.0,0.49030295206933494,0.3572222222222223,2.8033333333333332,368.85666666666674,396.7607276299759
squad,qwen3b,Supervised-Lite,0.0,0.33237866174550895,0.23222222222222222,0.5516666666666667,127.27833333333335,296.83934090017266
squad,qwen3b,RL-AR-Lite (PPO),0.02,0.49121214164519117,0.35944444444444446,2.7472222222222222,363.32500000000005,393.27205881550475
squad,qwen3b,Supervised-Lite,0.02,0.3290699796868269,0.2288888888888889,0.5483333333333333,126.93388888888887,296.10793841561645
squad,qwen3b,RL-AR-Lite (PPO),0.05,0.48478213733863895,0.355,2.5594444444444444,343.0444444444444,384.43937625670816
squad,qwen3b,Supervised-Lite,0.05,0.3301777500029306,0.23166666666666666,0.5227777777777778,124.24166666666667,297.04023354440625
squad,qwen3b,RL-AR-Lite (PPO),0.1,0.4801464391349582,0.34944444444444445,2.4566666666666666,332.3883333333333,378.57504929441194
squad,qwen3b,Supervised-Lite,0.1,0.3325121979623786,0.23222222222222222,0.5422222222222223,126.17055555555555,295.7432132821471
squad,qwen3b,RL-AR-Lite (PPO),0.15,0.46042529132660714,0.3327777777777778,2.0255555555555556,287.68333333333334,358.47034166244157
squad,qwen3b,Supervised-Lite,0.15,0.3297695686780826,0.23055555555555554,0.5166666666666666,123.54944444444443,295.939218140132
squad,qwen3b,RL-AR-Lite (PPO),0.2,0.44739402584191024,0.3238888888888889,1.807777777777778,263.5777777777778,349.7054255590365
squad,qwen3b,Supervised-Lite,0.2,0.32803940994792385,0.22944444444444445,0.51,122.88166666666666,295.691764671066
squad,qwen3b,RL-AR-Lite (PPO),0.3,0.422561649528471,0.3055555555555555,1.363888888888889,216.60333333333332,333.076410096674
squad,qwen3b,Supervised-Lite,0.3,0.3272611511696651,0.22944444444444442,0.5044444444444444,122.19277777777778,295.1195561765472
squad,qwen3b,RL-AR-Lite (PPO),0.5,0.36432515464507204,0.26166666666666666,0.8005555555555556,155.48666666666665,308.84450173780004
squad,qwen3b,Supervised-Lite,0.5,0.3190724164800532,0.22166666666666668,0.4477777777777778,116.05833333333334,293.52970906893916
squad,qwen3b,Static k=0,,0.14335229842969782,0.06333333333333334,0.0,61.89666666666667,258.81723868666535
squad,qwen3b,Static k=1,,0.3848278686168779,0.28,1.0,180.16666666666666,304.79241935668745
squad,qwen3b,Static k=2,,0.4438992516484776,0.3233333333333333,2.0,284.7083333333333,355.6879558300079
squad,qwen3b,Static k=3,,0.4972038868281129,0.3566666666666667,3.0,390.5,406.3961668933446
squad,mistral7b,RL-AR-Lite (PPO),0.0,0.47502272085298136,0.30666666666666664,2.805555555555556,405.9866666666667,1166.9309958101621
squad,mistral7b,Supervised-Lite,0.0,0.3488637047540273,0.21666666666666667,0.5616666666666666,134.415,706.2406196499179
squad,mistral7b,RL-AR-Lite (PPO),0.02,0.47540164531625395,0.30833333333333335,2.8027777777777776,405.83166666666665,1162.1047928369028
squad,mistral7b,Supervised-Lite,0.02,0.35062163890411835,0.2188888888888889,0.561111111111111,134.365,706.018231695607
squad,mistral7b,RL-AR-Lite (PPO),0.05,0.4711787344036371,0.305,2.5877777777777777,379.1644444444444,1128.5791819067952
squad,mistral7b,Supervised-Lite,0.05,0.34739327558261773,0.21555555555555558,0.5477777777777778,132.3811111111111,702.682187766574
squad,mistral7b,RL-AR-Lite (PPO),0.1,0.4585976414805897,0.2966666666666667,2.3161111111111112,346.64111111111106,1083.1853512735395
squad,mistral7b,Supervised-Lite,0.1,0.3521335177297227,0.21944444444444444,0.5661111111111111,134.9027777777778,706.0410507577438
squad,mistral7b,RL-AR-Lite (PPO),0.15,0.4507672243161533,0.29333333333333333,1.9755555555555555,306.8394444444445,1013.8310615489687
squad,mistral7b,Supervised-Lite,0.15,0.349392914832257,0.21777777777777776,0.5427777777777778,131.76444444444442,699.7633630045898
squad,mistral7b,RL-AR-Lite (PPO),0.2,0.42846172494414203,0.27555555555555555,1.613888888888889,264.78833333333336,961.4105660976646
squad,mistral7b,Supervised-Lite,0.2,0.3450457558153042,0.21611111111111111,0.5344444444444445,130.79055555555556,692.4112990265106
squad,mistral7b,RL-AR-Lite (PPO),0.3,0.41091609829410375,0.26611111111111113,1.208888888888889,216.0666666666667,892.4943971345743
squad,mistral7b,Supervised-Lite,0.3,0.3358652393518263,0.20888888888888887,0.4916666666666667,125.33,684.170038231916
squad,mistral7b,RL-AR-Lite (PPO),0.5,0.37736102932800847,0.24,0.725,155.84611111111113,770.5460620502972
squad,mistral7b,Supervised-Lite,0.5,0.3247237546470387,0.19666666666666668,0.40055555555555555,112.98,663.7599339357702
squad,mistral7b,Static k=0,,0.16606459077612104,0.058333333333333334,0.0,58.568333333333335,549.9701136266958
squad,mistral7b,Static k=1,,0.3962563807277458,0.255,1.0,193.97833333333332,860.3355716166819
squad,mistral7b,Static k=2,,0.43674138794591444,0.275,2.0,311.1483333333333,1051.996646646803
squad,mistral7b,Static k=3,,0.4760396113663717,0.3016666666666667,3.0,429.1616666666667,1189.3394252635337
squad,llama8b,RL-AR-Lite (PPO),0.0,0.49230863123509616,0.29833333333333334,2.8761111111111113,390.56500000000005,975.3986620166911
squad,llama8b,Supervised-Lite,0.0,0.38742858913619455,0.21666666666666665,0.6855555555555556,162.71833333333333,705.8251854880624
squad,llama8b,RL-AR-Lite (PPO),0.02,0.48911297503944,0.2988888888888889,2.6744444444444446,369.37222222222226,946.0785338347542
squad,llama8b,Supervised-Lite,0.02,0.3903606879016266,0.21777777777777776,0.6816666666666666,162.39222222222222,705.948712814652
squad,llama8b,RL-AR-Lite (PPO),0.05,0.49196367372347205,0.30000000000000004,2.6255555555555556,364.47166666666664,942.0138336958544
squad,llama8b,Supervised-Lite,0.05,0.38896370217130755,0.21777777777777776,0.6838888888888889,162.8472222222222,706.5114448300706
squad,llama8b,RL-AR-Lite (PPO),0.1,0.4835731315028215,0.29555555555555557,2.4283333333333332,344.2277777777778,922.2957249122686
squad,llama8b,Supervised-Lite,0.1,0.388348221972494,0.21555555555555558,0.6694444444444444,160.97277777777776,704.954852988953
squad,llama8b,RL-AR-Lite (PPO),0.15,0.47242900454561393,0.2888888888888889,2.1911111111111112,319.8211111111111,889.6566626567386
squad,llama8b,Supervised-Lite,0.15,0.3775438689181409,0.21,0.6116666666666667,154.6627777777778,698.5971725142241
squad,llama8b,RL-AR-Lite (PPO),0.2,0.4551398568168377,0.2733333333333334,1.7877777777777777,280.07,848.7167177224092
squad,llama8b,Supervised-Lite,0.2,0.3744838095817658,0.2061111111111111,0.6,153.58055555555555,696.3970426835294
squad,llama8b,RL-AR-Lite (PPO),0.3,0.4255020305096358,0.25166666666666665,1.155,213.38055555555556,762.4980934289234
squad,llama8b,Supervised-Lite,0.3,0.3746917220396782,0.2077777777777778,0.6055555555555556,154.48666666666668,696.2044732331539
squad,llama8b,RL-AR-Lite (PPO),0.5,0.40281521988686025,0.225,0.7405555555555555,168.7461111111111,715.3986796221802
squad,llama8b,Supervised-Lite,0.5,0.35754825861551304,0.18666666666666668,0.47555555555555556,139.57944444444445,677.9588168409838
squad,llama8b,Static k=0,,0.18530646900685602,0.055,0.0,85.74,599.7894948566742
squad,llama8b,Static k=1,,0.4056478978489242,0.24833333333333332,1.0,199.63833333333332,737.985233093359
squad,llama8b,Static k=2,,0.4578120122948498,0.28,2.0,301.0683333333333,884.0032285467169
squad,llama8b,Static k=3,,0.4934630468324942,0.29833333333333334,3.0,403.1816666666667,988.3423068133835
