Dataset,Model,static k*,Static F1,Static F1 sd,Static tok,Static ms,RL-AR F1,RL-AR F1 sd,RL-AR tok,RL-AR ms,RL-AR nd F1,RL-AR nd F1 sd,RL-AR nd tok,RL-AR nd ms,RL-AR dF1,RL-AR dF1 CI,RL-AR p(F1),RL-AR dTok%,RL-AR dLat%,RL-AR nd dF1,RL-AR nd dF1 CI,RL-AR nd p(F1),RL-AR nd dTok%,RL-AR nd dLat%
NQ,Llama-3.2-1B,1.0,0.4719000933706815,0.0,236.6083333333333,160.30579805000875,0.5058035670727621,0.0144402455926601,436.96866666666665,307.9478638939996,0.5061087247977342,0.0149406792608316,339.65233333333333,180.26504872138685,0.0339034737020805,"[+0.013, +0.056]",0.0503865670178192,84.68016764695525,92.10026564225248,0.0342086314270524,"[+0.017, +0.052]",0.0503865670178192,43.55045257633927,12.450735353409769
NQ,Llama-3.2-3B,3.0,0.6016983571983572,0.0,526.86,503.74580525334,0.5870546194546193,0.0074402753533512,486.0073333333333,686.3307308354533,0.5925841195841196,0.0033728824442316,425.64533333333327,432.9386716313296,-0.0146437377437377,"[-0.031, +0.001]",1.0,-7.753989041997256,36.24544833485792,-0.0091142376142376,"[-0.025, +0.006]",1.0,-19.210922572726485,-14.056123720256208
NQ,Qwen2.5-3B,3.0,0.5790870610870611,0.0,522.2116666666667,486.7178675333511,0.5632756613756614,0.0069700640136693,431.089,669.2901278984871,0.5659825156325156,0.0049222042082023,397.9266666666667,428.6982256759951,-0.0158113997113997,"[-0.036, +0.005]",0.2184100469916569,-17.44937397670805,37.510901601044196,-0.0131045454545454,"[-0.032, +0.005]",0.5420353057425981,-23.799736377650195,-11.920590084640848
NQ,Mistral-7B-v0.3,2.0,0.5414287356321109,0.0,404.00666666666666,1141.9053234767005,0.5420781965449586,0.0033222724044553,418.036,1563.2772053349777,0.5415918165570339,0.0049214071508615,377.697,1090.4682355182315,0.0006494609128476,"[-0.012, +0.014]",1.0,3.472549957921478,36.90077217394414,0.000163080924923,"[-0.012, +0.012]",1.0,-6.512186267553344,-4.504496730242147
NQ,Llama-3.1-8B,3.0,0.5962293169793169,0.0,527.3666666666667,1197.075247716633,0.5842802549302549,0.0054500731376699,424.39433333333335,1552.9086371594035,0.5859361712361714,0.0137928631394265,351.4396666666667,964.8643700275588,-0.011949062049062,"[-0.029, +0.004]",1.0,-19.52575690537892,29.725231569319188,-0.0102931457431457,"[-0.027, +0.006]",1.0,-33.359522154098975,-19.398185546982603
SQuAD,Llama-3.2-1B,3.0,0.4401904731195663,0.0,402.3283333333333,187.50953544319904,0.42698391317537,0.0052273811719639,400.11266666666666,292.5561955965907,0.4317785717217314,0.0044817099357308,330.037,174.686927571341,-0.0132065599441962,"[-0.027, +0.000]",1.0,-0.5507110693173445,56.02203637543155,-0.0084119013978349,"[-0.020, +0.003]",1.0,-17.968243184463773,-6.8383764279242865
SQuAD,Llama-3.2-3B,3.0,0.497814913000382,0.0,403.115,469.85476126666987,0.4622914271942741,0.0082866341633179,394.70633333333336,675.0715336653766,0.4727559353486585,0.0061197452410925,343.83566666666667,428.4401317793627,-0.0355234858061079,"[-0.050, -0.021]",0.0001126354472124,-2.0859225448486507,43.67663995688111,-0.0250589776517236,"[-0.037, -0.013]",0.0117576670300609,-14.705315687417574,-8.814347092207498
SQuAD,Qwen2.5-3B,3.0,0.4972038868281129,0.0,390.5,406.3961668933446,0.4547859428611749,0.0098036355864248,356.92633333333333,618.8778236987391,0.4663674716093447,0.0236125656035925,315.57033333333334,370.75600037593085,-0.0424179439669377,"[-0.062, -0.023]",0.0034583671085986,-8.597609901835257,52.28436538407573,-0.0308364152187681,"[-0.045, -0.017]",0.0034797969152757,-19.188134869825014,-8.76980872872436
SQuAD,Mistral-7B-v0.3,3.0,0.4760396113663717,0.0,429.1616666666667,1189.3394252635337,0.4591418046146113,0.0044546350163319,385.0473333333333,1603.879481416402,0.4564449226908343,0.0060385513449701,344.814,1079.0499052946786,-0.0168978067517604,"[-0.030, -0.004]",0.3266585909173864,-10.279187718691873,34.854646818843534,-0.0195946886755374,"[-0.031, -0.009]",0.3266585909173864,-19.654054221990936,-9.273174471990375
SQuAD,Llama-3.1-8B,3.0,0.4934630468324942,0.0,403.1816666666667,988.3423068133836,0.48360056273936,0.0096851991576298,413.608,1484.0956857050624,0.475259608732926,0.0151317291635413,330.19300000000004,908.5735796454152,-0.0098624840931342,"[-0.022, +0.003]",0.551014078039528,2.586013748971716,50.16008881478405,-0.0182034380995681,"[-0.030, -0.007]",0.0996124926366518,-18.103171027121757,-8.07096150979907
