component,nq,nq,nq,nq,nq,squad,squad,squad,squad,squad
,llama1b,llama3b,llama8b,mistral7b,qwen3b,llama1b,llama3b,llama8b,mistral7b,qwen3b
t_embed,12.6,12.2,14.1,12.7,12.7,12.3,12.4,12.6,13.7,12.0
t_flare_embed,11.1,10.8,12.4,11.2,11.1,10.9,10.9,11.1,12.1,10.5
t_flare_gen,158.0,369.2,958.8,1095.9,391.3,150.8,379.0,874.0,1013.0,347.1
t_flare_search,15.9,14.8,17.4,15.8,15.5,4.9,5.1,5.2,5.6,5.3
t_gen_0,124.3,271.1,632.1,537.0,258.4,122.2,275.0,599.8,550.0,258.8
t_gen_1,131.5,300.3,775.6,854.6,316.6,129.3,315.3,720.0,840.9,287.3
t_gen_2,158.6,370.4,974.9,1113.0,388.6,147.8,382.7,866.0,1032.5,338.2
t_gen_3,200.9,476.2,1165.2,1341.3,458.2,170.1,452.1,970.4,1169.9,388.9
t_search,16.1,15.3,17.8,16.3,15.8,5.2,5.3,5.4,5.7,5.5
