dataset,model,mean_k,share_k0,share_k1,share_k2,share_k3,P_retrieve_if_helps,P_retrieve_if_not,mean_k_if_deeper_helps,mean_k_if_not
NQ,Llama-3.2-1B,1.713,0.0,0.508,0.271,0.221,1.0,1.0,1.7614035087719297,1.7016460905349795
NQ,Llama-3.2-3B,2.3016666666666667,0.001,0.124,0.44733333333333336,0.42766666666666664,0.9994764397905759,0.998165137614679,2.380451127819549,2.2792291220556744
NQ,Qwen2.5-3B,2.168,0.008333333333333333,0.206,0.395,0.39066666666666666,0.9925531914893617,0.9901785714285715,2.222608695652174,2.1550515463917526
NQ,Mistral-7B-v0.3,1.8453333333333333,0.011666666666666667,0.23266666666666666,0.6543333333333333,0.10133333333333333,0.9895890410958904,0.9863829787234043,1.92992700729927,1.8203023758099353
NQ,Llama-3.1-8B,1.7886666666666666,0.005333333333333333,0.3903333333333333,0.4146666666666667,0.18966666666666668,0.9978082191780822,0.9897872340425532,1.9030927835051545,1.766600397614314
SQuAD,Llama-3.2-1B,2.304333333333333,0.0,0.25,0.19566666666666666,0.5543333333333333,1.0,1.0,2.4275229357798165,2.2769857433808554
SQuAD,Llama-3.2-3B,2.4263333333333335,0.002,0.14066666666666666,0.28633333333333333,0.571,0.9978260869565218,0.9982758620689656,2.435862068965517,2.423296703296703
SQuAD,Qwen2.5-3B,2.297,0.0033333333333333335,0.15666666666666668,0.37966666666666665,0.4603333333333333,0.9982857142857143,0.9944,2.3808823529411764,2.2724137931034485
SQuAD,Mistral-7B-v0.3,2.3,0.006333333333333333,0.22466666666666665,0.23166666666666666,0.5373333333333333,0.9938718662952646,0.9933609958506224,2.4103703703703703,2.267956989247312
SQuAD,Llama-3.1-8B,2.2883333333333336,0.002,0.19366666666666665,0.31833333333333336,0.486,0.9988980716253444,0.9966244725738397,2.3970149253731345,2.2570815450643775
