dataset,model,static_k,static_f1,static_tokens,lite_f1_within_budget,lite_lam,dF1_lite,sup_f1_within_budget,dF1_sup,lite_min_tokens_within_1pt,token_saving_pct_within_1pt
NQ,Llama-3.2-1B,1,0.47190009337068156,236.60833333333332,0.4715561780267663,0.5,-0.0003439153439152576,0.3895527709400259,-0.08234732243065568,235.62777777777777,0.41442139494476393
NQ,Llama-3.2-1B,2,0.5173494468494468,381.18666666666667,0.5134292698472266,0.1,-0.003920177002220249,0.3895527709400259,-0.12779667590942095,348.41555555555556,8.597129432065941
NQ,Llama-3.2-1B,3,0.5136887800308853,526.055,0.5134292698472266,0.1,-0.0002595101836586622,0.3895527709400259,-0.12413600909085937,348.41555555555556,33.76822660072509
NQ,Llama-3.2-3B,1,0.5166095478595479,237.51666666666668,0.5107805836139169,0.5,-0.005828964245631063,0.44580996472663137,-0.07079958313291657,222.58055555555555,6.288447594320878
NQ,Llama-3.2-3B,2,0.5881101028601029,381.9716666666667,0.5837326778160111,0.15,-0.004377425044091776,0.44580996472663137,-0.14230013813347153,363.99055555555555,4.707446305645135
NQ,Llama-3.2-3B,3,0.6016983571983572,526.86,0.6035804103304104,0.02,0.0018820531320532519,0.44580996472663137,-0.1558883924717258,417.45166666666665,20.76611117437903
NQ,Qwen2.5-3B,1,0.5217888407888408,221.15333333333334,0.5108033910533911,0.5,-0.010985449735449682,0.4612425444925445,-0.06054629629629632,234.49222222222224,-6.031511570654846
NQ,Qwen2.5-3B,2,0.5635930735930735,371.89166666666665,0.5611806958473625,0.15,-0.002412377745711014,0.4612425444925445,-0.10235052910052905,350.68944444444446,5.701182393319437
NQ,Qwen2.5-3B,3,0.5790870610870611,522.2116666666667,0.574919592752926,0.0,-0.0041674683341350605,0.4612425444925445,-0.11784451659451661,445.1133333333333,14.763809055714972
NQ,Mistral-7B-v0.3,1,0.5140380776630777,237.355,0.47867668596835267,0.5,-0.035361391694725075,0.435636063011063,-0.07840201465201474,250.37888888888892,-5.48709270455181
NQ,Mistral-7B-v0.3,2,0.5414287356321109,404.00666666666666,0.5403498011650186,0.1,-0.0010789344670922851,0.435636063011063,-0.10579267262104791,339.1922222222222,16.04291458336772
NQ,Mistral-7B-v0.3,3,0.5442239103489104,569.9066666666666,0.5436296321097046,0.0,-0.0005942782392057699,0.435636063011063,-0.10858784733784738,339.1922222222222,40.48284709387112
NQ,Llama-3.1-8B,1,0.5558214285714286,237.615,0.5441058201058201,0.5,-0.011715608465608485,0.4645833333333333,-0.09123809523809528,239.00833333333335,-0.5863827339744221
NQ,Llama-3.1-8B,2,0.6028716931216931,382.4583333333333,0.5905177970177972,0.1,-0.012353896103895923,0.4645833333333333,-0.1382883597883598,443.21611111111116,-15.88611686095074
NQ,Llama-3.1-8B,3,0.5962293169793169,527.3666666666667,0.5937138848805515,0.05,-0.002515432098765369,0.4645833333333333,-0.13164598364598362,358.8772222222222,31.949202536712818
SQuAD,Llama-3.2-1B,1,0.36761765737679336,198.68166666666667,0.34992524657408836,0.5,-0.017692410802705005,0.3040823958797725,-0.06353526149702088,207.35444444444445,-4.365162585598958
SQuAD,Llama-3.2-1B,2,0.4133946065243512,300.11333333333334,0.42188879225264336,0.15,0.008494185728292136,0.3040823958797725,-0.10931221064457874,255.29166666666666,14.934913477130873
SQuAD,Llama-3.2-1B,3,0.4401904731195663,402.3283333333333,0.4408293257607207,0.05,0.0006388526411544304,0.3040823958797725,-0.1361080772397938,336.49333333333334,16.363500789156447
SQuAD,Llama-3.2-3B,1,0.3937553998992786,199.54,0.3816182087736974,0.5,-0.012137191125581204,0.3594296556272316,-0.03432574427204699,225.77222222222224,-13.146347710846062
SQuAD,Llama-3.2-3B,2,0.4521334131162506,300.855,0.4492778049795785,0.2,-0.0028556081366721275,0.3594296556272316,-0.09270375748901899,272.1922222222222,9.527107004297031
SQuAD,Llama-3.2-3B,3,0.49781491300038205,403.115,0.4985677715778021,0.0,0.0007528585774200236,0.3594296556272316,-0.13838525737315044,386.8655555555556,4.0309699327597315
SQuAD,Qwen2.5-3B,1,0.3848278686168779,180.16666666666666,0.36432515464507204,0.5,-0.020502713971805864,0.3325121979623786,-0.052315670654499324,216.60333333333332,-20.223866790009247
SQuAD,Qwen2.5-3B,2,0.4438992516484776,284.7083333333333,0.44739402584191024,0.2,0.003494774193432637,0.3325121979623786,-0.11138705368609902,263.5777777777778,7.421825454900233
SQuAD,Qwen2.5-3B,3,0.4972038868281129,390.5,0.49121214164519117,0.02,-0.005991745182921726,0.3325121979623786,-0.16469168886573432,363.32500000000005,6.959026888604347
SQuAD,Mistral-7B-v0.3,1,0.3962563807277458,193.97833333333332,0.37736102932800847,0.5,-0.01889535139973736,0.3521335177297227,-0.04412286299802315,216.0666666666667,-11.387010576782641
SQuAD,Mistral-7B-v0.3,2,0.43674138794591444,311.1483333333333,0.4507672243161533,0.15,0.014025836370238853,0.3521335177297227,-0.08460787021619176,264.78833333333336,14.899645935218453
SQuAD,Mistral-7B-v0.3,3,0.4760396113663717,429.1616666666667,0.47540164531625395,0.02,-0.0006379660501177331,0.3521335177297227,-0.123906093636649,379.1644444444444,11.649973915553712
SQuAD,Llama-3.1-8B,1,0.4056478978489242,199.63833333333332,0.40281521988686025,0.5,-0.002832677962063934,0.3903606879016266,-0.015287209947297598,168.7461111111111,15.474093430063807
SQuAD,Llama-3.1-8B,2,0.4578120122948498,301.0683333333333,0.4551398568168377,0.2,-0.0026721554780120838,0.3903606879016266,-0.06745132439322321,280.07,6.974607093627694
SQuAD,Llama-3.1-8B,3,0.4934630468324942,403.1816666666667,0.49230863123509616,0.0,-0.0011544155973980397,0.3903606879016266,-0.10310235893086761,344.2277777777778,14.622165084115647
