dataset,model,policy,train_s_mean,n_params
nq,llama1b,ppo,17.813215017318726,19844
nq,llama1b,reinforce,1.7528785705566405,19844
nq,llama1b,supervised,0.9601643085479736,19844
nq,llama3b,ppo,16.460609865188598,19844
nq,llama3b,reinforce,1.6224002361297607,19844
nq,llama3b,supervised,1.048203706741333,19844
nq,qwen3b,ppo,16.696711683273314,19844
nq,qwen3b,reinforce,1.6941254138946533,19844
nq,qwen3b,supervised,0.6134091377258301,19844
nq,mistral7b,ppo,17.32822980880737,19844
nq,mistral7b,reinforce,1.7704724311828612,19844
nq,mistral7b,supervised,0.9846693515777588,19844
nq,llama8b,ppo,19.884226036071777,19844
nq,llama8b,reinforce,1.9541633129119873,19844
nq,llama8b,supervised,1.0918338298797607,19844
squad,llama1b,ppo,16.214742994308473,19844
squad,llama1b,reinforce,1.5856278896331788,19844
squad,llama1b,supervised,1.0078270435333252,19844
squad,llama3b,ppo,16.916952419281007,19844
squad,llama3b,reinforce,1.6944707393646241,19844
squad,llama3b,supervised,1.0040739536285401,19844
squad,qwen3b,ppo,16.72494206428528,19844
squad,qwen3b,reinforce,1.6933076858520508,19844
squad,qwen3b,supervised,1.206741714477539,19844
squad,mistral7b,ppo,19.1168692111969,19844
squad,mistral7b,reinforce,1.8706699848175048,19844
squad,mistral7b,supervised,0.9222117900848389,19844
squad,llama8b,ppo,16.52987937927246,19844
squad,llama8b,reinforce,1.6699210166931153,19844
squad,llama8b,supervised,1.0249864101409911,19844
