source,target,model,policy,f1_transfer,f1_in_domain,dF1,p_wilcoxon,tok_transfer,tok_in_domain,k_transfer,k_in_domain,p_holm,dTok_pct
NQ,SQuAD,Llama-3.2-1B,full,0.40156038425048085,0.42698391317537004,-0.025423528924889194,0.00037903974290550926,361.877,400.11266666666666,1.7836666666666665,2.159,0.006822715372299166,-9.55622499662595
NQ,SQuAD,Llama-3.2-1B,lite,0.3963490658556584,0.4317785717217314,-0.035429505866073,0.002387679675537041,274.62033333333335,330.037,1.7400000000000002,2.304333333333333,0.040590554484129696,-16.791046660424936
SQuAD,NQ,Llama-3.2-1B,full,0.5193636097820309,0.5058035670727621,0.013560042709268716,0.07335298513882886,484.31100000000004,436.96866666666665,2.1430000000000002,1.832,0.9535888068047752,10.834262716014731
SQuAD,NQ,Llama-3.2-1B,lite,0.5122222960848347,0.5061087247977342,0.006113571287100699,0.2328585266206208,391.9676666666667,339.65233333333333,2.068,1.7130000000000003,1.0,15.40261267158478
NQ,SQuAD,Llama-3.2-3B,full,0.4681514872837985,0.4622914271942741,0.005860060089524349,0.2566942527396934,417.73999999999995,394.70633333333336,2.311,2.1189999999999998,1.0,5.83564658619613
NQ,SQuAD,Llama-3.2-3B,lite,0.46048717549380014,0.4727559353486585,-0.01226875985485825,0.003626317601372711,326.421,343.83566666666667,2.254,2.4263333333333335,0.05802108162196338,-5.0648226332928425
SQuAD,NQ,Llama-3.2-3B,full,0.5843535113035114,0.5870546194546193,-0.0027011081511081527,0.5717058322815838,503.34366666666665,486.0073333333333,2.284,2.150666666666667,1.0,3.567092951958206
SQuAD,NQ,Llama-3.2-3B,lite,0.594822348022348,0.5925841195841196,0.002238228438228436,0.8441394214885138,447.6213333333333,425.64533333333327,2.451,2.3016666666666667,1.0,5.16298389269314
NQ,SQuAD,Llama-3.1-8B,full,0.44304840735146156,0.48360056273936003,-0.040552155387898414,0.00014943792466942915,359.479,413.608,1.736,2.2833333333333337,0.0028393205687191536,-13.087029264424288
NQ,SQuAD,Llama-3.1-8B,lite,0.4359255447742957,0.47525960873292605,-0.039334063958630525,0.0001023617571073742,263.725,330.19300000000004,1.6313333333333333,2.2883333333333336,0.002047235142147484,-20.130045155409114
SQuAD,NQ,Llama-3.1-8B,full,0.5946547859547859,0.5842802549302549,0.010374531024531026,0.3002031885822637,534.9190000000001,424.39433333333335,2.4963333333333333,1.7580000000000002,1.0,26.042917632422057
SQuAD,NQ,Llama-3.1-8B,lite,0.5979952621452622,0.5859361712361714,0.01205909090909091,0.12419590308913075,459.0953333333333,351.4396666666667,2.526333333333333,1.7886666666666666,1.0,30.632759155435863
NQ,SQuAD,Mistral-7B-v0.3,full,0.4332569108522305,0.4591418046146113,-0.025884893762380824,0.008209383391537003,362.8833333333333,385.0473333333333,1.9460000000000002,2.1550000000000002,0.12314075087305505,-5.75617543124568
NQ,SQuAD,Mistral-7B-v0.3,lite,0.42917832034968395,0.45644492269083436,-0.027266602341150328,0.03647130431858871,311.0323333333333,344.81399999999996,1.9983333333333335,2.3000000000000003,0.5105982604602419,-9.797069337865238
SQuAD,NQ,Mistral-7B-v0.3,full,0.5408393329994017,0.5420781965449586,-0.0012388635455569108,0.8498200925321159,475.5516666666666,418.03599999999994,2.1100000000000003,1.7663333333333333,1.0,13.758543921257193
SQuAD,NQ,Mistral-7B-v0.3,lite,0.5470732551561499,0.5415918165570339,0.005481438599115946,0.5920951983769827,511.1426666666666,377.697,2.6416666666666666,1.8453333333333333,1.0,35.33140762745444
NQ,SQuAD,Qwen2.5-3B,full,0.4487624781393357,0.45478594286117496,-0.006023464721839335,0.39350526756856374,356.66099999999994,356.92633333333333,2.104,2.098,1.0,-0.07433840222866861
NQ,SQuAD,Qwen2.5-3B,lite,0.461769515887163,0.4663674716093447,-0.004597955722181728,0.7286362892570688,311.1683333333333,315.57033333333334,2.264,2.2969999999999997,1.0,-1.3949346738339474
SQuAD,NQ,Qwen2.5-3B,full,0.5620603655603655,0.5632756613756614,-0.0012152958152958134,0.9532657585694013,451.2406666666667,431.08899999999994,2.1319999999999997,2.002,1.0,4.67459542383748
SQuAD,NQ,Qwen2.5-3B,lite,0.574599086099086,0.5659825156325156,0.008616570466570467,0.6279631547095184,427.4493333333333,397.9266666666667,2.369,2.168,1.0,7.419122451372928
