source,target,model,metric,transfer,transfer_sd,in_domain,delta
SQuAD,NQ,Llama-3.2-1B,f1,0.5193636097820309,0.0055523601343807,0.5058035670727621,0.013560042709268805
SQuAD,NQ,Llama-3.2-1B,em,0.3983333333333333,0.0058925565098878,0.3846666666666666,0.013666666666666716
SQuAD,NQ,Llama-3.2-1B,k,2.143,0.2236390941773027,1.832,0.3109999999999997
SQuAD,NQ,Llama-3.2-1B,total_tokens,484.311,32.40304618739143,436.96866666666665,47.34233333333333
SQuAD,NQ,Llama-3.2-1B,latency_ms,320.2768885986564,9.188659011546084,307.9478638939996,12.329024704656774
SQuAD,NQ,Llama-3.2-3B,f1,0.5843535113035114,0.0119177033164576,0.5870546194546193,-0.0027011081511079116
SQuAD,NQ,Llama-3.2-3B,em,0.418,0.0105013226680155,0.4203333333333333,-0.0023333333333332984
SQuAD,NQ,Llama-3.2-3B,k,2.284,0.1775160399638424,2.150666666666667,0.13333333333333286
SQuAD,NQ,Llama-3.2-3B,total_tokens,503.34366666666665,27.14347201037072,486.0073333333333,17.336333333333357
SQuAD,NQ,Llama-3.2-3B,latency_ms,698.3825583105936,19.60649756884748,686.3307308354533,12.051827475140271
SQuAD,NQ,Qwen2.5-3B,f1,0.5620603655603655,0.0046774032003979,0.5632756613756614,-0.0012152958152958915
SQuAD,NQ,Qwen2.5-3B,em,0.4363333333333333,0.0024720661623652,0.4363333333333333,0.0
SQuAD,NQ,Qwen2.5-3B,k,2.132,0.1023840807938421,2.002,0.13000000000000034
SQuAD,NQ,Qwen2.5-3B,total_tokens,451.2406666666667,15.579642192083009,431.089,20.1516666666667
SQuAD,NQ,Qwen2.5-3B,latency_ms,685.7012354540304,8.750206160391517,669.2901278984871,16.411107555543367
SQuAD,NQ,Mistral-7B-v0.3,f1,0.5408393329994017,0.0131139372791922,0.5420781965449586,-0.001238863545556912
SQuAD,NQ,Mistral-7B-v0.3,em,0.3399999999999999,0.0147196014438797,0.3406666666666667,-0.0006666666666667598
SQuAD,NQ,Mistral-7B-v0.3,k,2.1100000000000003,0.2455153310442706,1.7663333333333333,0.343666666666667
SQuAD,NQ,Mistral-7B-v0.3,total_tokens,475.5516666666666,44.45673694415981,418.036,57.51566666666662
SQuAD,NQ,Mistral-7B-v0.3,latency_ms,1671.266315589488,90.88000955375304,1563.2772053349777,107.98911025451025
SQuAD,NQ,Llama-3.1-8B,f1,0.5946547859547859,0.0184075810150486,0.5842802549302549,0.010374531024531009
SQuAD,NQ,Llama-3.1-8B,em,0.4116666666666667,0.0168737139427638,0.4053333333333334,0.006333333333333302
SQuAD,NQ,Llama-3.1-8B,k,2.4963333333333333,0.2044382547372189,1.7580000000000002,0.7383333333333331
SQuAD,NQ,Llama-3.1-8B,total_tokens,534.9190000000001,35.02027136372431,424.39433333333335,110.52466666666675
SQuAD,NQ,Llama-3.1-8B,latency_ms,1710.5313356623913,66.25798478176476,1552.9086371594035,157.62269850298776
NQ,SQuAD,Mistral-7B-v0.3,f1,0.4332569108522305,0.0204421036492308,0.4591418046146113,-0.02588489376238079
NQ,SQuAD,Mistral-7B-v0.3,em,0.2729999999999999,0.0129850341205216,0.2983333333333333,-0.025333333333333374
NQ,SQuAD,Mistral-7B-v0.3,k,1.946,0.4819615590941299,2.155,-0.20899999999999985
NQ,SQuAD,Mistral-7B-v0.3,total_tokens,362.8833333333333,57.26340733351836,385.0473333333333,-22.163999999999987
NQ,SQuAD,Mistral-7B-v0.3,latency_ms,1579.476833306161,74.5719647693854,1603.879481416402,-24.40264811024099
